interface ip L20163156,052223072158_dsl,182.69.119.94
interface ip L202046707,052220756917_dsl,122.163.176.109
interface ip 52206214,052240423795_dsl,122.163.177.113
interface ip 52207636,052240954438_dsl,122.163.177.228
interface ip L200005530,05226377370_dsl,122.176.71.112
interface ip L200008524,05226228311_dsl,122.160.15.138
interface ip L203011102,052226700574_dsl,122.160.15.123
interface ip S3273291,05226153889_dsl,122.176.71.222
interface ip L204107088,052238807615_dsl,122.163.176.189
interface ip L202056891,052222464874_dsl,122.160.199.108
interface ip L204004944,052231457479_dsl,122.160.111.2
interface ip L20173938,052225037726_dsl,122.160.15.158
interface ip L203013108,052229047184_dsl,182.69.119.43
interface ip L20186037,05226021382_dsl,122.160.111.52
interface ip L203013171,052228951162_dsl,182.69.119.168
interface ip L203019773,052229679941_dsl,122.160.15.237
interface ip L204107803,052234801941_dsl,122.160.111.39
interface ip KOL0013358,03340034322_kol,122.160.113.131
interface ip L203016995,052227130378_dsl,122.160.15.132
interface ip KLPA331097,03371609723_dsl,122.176.25.162
interface ip TKO04100100391A,03340686170_dsl,122.176.66.64
interface ip KLPAL64627,03391340972_dsl,122.163.121.145
interface ip TKO06081008233A,03340071788_dsl,122.160.53.111
interface ip KLPAB16347,03377346843_dsl,122.176.26.52
interface ip TKO0108008781A,03340011457_dsl,122.176.66.45
interface ip KLPAE11516,03384569002_dsl,122.163.126.236
interface ip TKO0812000954,03360664455_dsl,122.176.27.97
interface ip KLPAE03884,03383929793_dsl,122.163.121.129
interface ip 3300100,03395024601_dsl,122.163.123.44
interface ip KLPA813535,03380451978_dsl,122.163.120.191
interface ip KLPAC86064,03393922434_dsl,122.163.123.194
interface ip 3309261,03398867660_dsl,122.160.113.223
interface ip 3300146,03394635619_dsl,122.163.122.8
interface ip KLPA072184,03360783284_dsl,122.163.123.98
interface ip TKO0812000615-R,03360613540_dsl,122.176.65.157
interface ip 3300162,03394392166_dsl,122.163.122.139
interface ip TKO0711010769,03360171955_dsl,122.176.98.82
interface ip TKO06081004698A,03340067836_dsl,122.176.30.78
interface ip KLPAE05326,03385402889_dsl,122.160.113.201
interface ip KOL0013826,03340063096_kol,122.176.98.129
interface ip TKO0711009459,03360227532_dsl,122.176.99.8
interface ip KLPAE07149,03383639825_dsl,122.163.126.145
interface ip TKO04100100463A,03340087969_dsl,122.176.26.215
interface ip KLPA534125,03376050796_dsl,122.163.126.217
interface ip TKO071002001073A,03340664341_dsl,122.176.67.211
interface ip TKO0711005666,03360177711_dsl,122.176.27.241
interface ip TKO0812002580,03360605607_dsl,122.160.112.232
interface ip TKO0111006339,03340670293_dsl,122.176.96.63
interface ip KLPAE12365,03384922022_dsl,122.163.127.20
interface ip KLPA070592,03362675941_dsl,122.160.52.112
interface ip TKO0111006015,03340035099_dsl,122.176.96.140
interface ip KLPAL67808,03390020341_dsl,122.176.65.158
interface ip TKO0111000222,03340603362_dsl,122.176.96.198
interface ip TKO05090001950A,03340648334_dsl,122.176.64.153
interface ip KOL0037657,03340035292_dsl,122.176.30.183
interface ip TKO0111008571,03340730676_dsl,122.176.97.132
interface ip DL3447186,01166895682_dsl,122.160.36.86
interface ip DL1866726-2,dl1866727_dsl,122.160.95.56
interface ip S3605001,012016406328_dsl,122.160.5.132
interface ip S3516987,012013693892_dsl,122.160.74.158
interface ip DL1904458-1,01146060923_dsl,122.160.49.132
interface ip DL3653262-3,01172180354_dsl,182.77.57.137
interface ip DL4585513,01188256807_dsl,122.160.186.252
interface ip DL5150596,01193914944_dsl,122.176.55.111
interface ip DL3923281,01180521398_dsl,182.77.56.156
interface ip DL3477426-A,01166259514_dsl,122.160.174.57
interface ip DL543932,01174865629_dsl,122.160.96.124
interface ip 1179999,01196088230_dsl,122.176.80.164
interface ip JI0138299,01414086327_dsl,122.176.83.39
interface ip DL3103208,01160450630_dsl,122.161.197.91
interface ip DL3126374,01160593561_dsl,122.160.116.173
interface ip S3137280,01206333896_dsl,122.176.77.19
interface ip GH2960932,01246148114_dsl,122.176.19.227
interface ip DL3665421,01172347327_dsl,122.161.198.29
interface ip DL2233655,01146547003_dsl,122.180.251.240
interface ip DL3749766,01175866739_dsl,122.161.198.54
interface ip DL354814,01141584746,122.160.49.179
interface ip JI046548,01414035012_dsl,122.160.165.177
interface ip DL3169216-3,01160564354_dsl,122.160.33.210
interface ip GA063686,01244015892_dsl,182.77.58.213
interface ip M00081866,012115914358_dsl,122.176.21.12
interface ip DL373383,01141505525_dsl,122.176.47.124
interface ip S4633803,012033470306_dsl,122.160.30.126
interface ip N2940980-1,01206121725_dsl,122.160.49.245
interface ip DL4031369,01184426726_dsl,182.77.59.250
interface ip GH584571-2,01246324675_dsl,122.160.80.127
interface ip GH3588858-2,012413715285_dsl,122.160.5.184
interface ip DL3758058,01175479827_dsl,182.77.58.249
interface ip DL5051290,01192474474_dsl,203.145.171.146
interface ip 1173210,01195739006_dsl,122.180.86.169
interface ip DL1103921,01140588693_dsl,122.160.23.154
interface ip DL5024256,01191729821_dsl,122.160.19.116
interface ip DL3921123,01180551567_dsl,122.160.186.59
interface ip N160851,01145572121_dsl,122.176.35.140
interface ip 4/3.10530196,01244085203_dsl,122.176.42.26
interface ip FH618531-3,01246451778_dsl,122.160.85.8
interface ip 14/0/2.3554,01294036606_dsl,122.160.221.144
interface ip DL3039307,01160688094_dsl,122.160.69.84
interface ip FH3186848,01246536614_dsl,122.160.82.65
interface ip GH2376030,01244365186_dsl,122.160.193.2
interface ip DL3720861,01174412728_dsl,122.161.198.190
interface ip S3481715,012012695671_dsl,122.160.137.67
interface ip DL1575804,01145656200_dsl,122.180.252.214
interface ip GH335959,01160332492_dsl,122.180.246.68
interface ip S3240329,01206459234_dsl,122.180.249.180
interface ip L0788218,016113642814_dsl,122.160.12.143
interface ip N3415940,01209229880_dsl,122.160.30.172
interface ip 011316639,01196388885_dsl,122.176.28.210
interface ip GH2812382,01246083223_dsl,122.161.199.194
interface ip GH1221372,01244203410_dsl,122.160.62.149
interface ip PBT0031965,017239475288_dsl,182.77.51.151
interface ip 11107043,01196686938_dsl,122.176.56.113
interface ip 1190818,01196657381_dsl,122.176.52.6
interface ip S4155067,012029071842_dsl,122.160.19.168
interface ip GH3787347,012421060318_dsl,59.144.171.157
interface ip DL3554927-1,01171291269_dsl,122.176.22.7
interface ip DL5044066,01193402562_dsl,59.144.171.72
interface ip DL3752742,01174818516_dsl,182.77.61.191
interface ip GH2946313,01246131662_dsl,122.176.121.37
interface ip S397454,01204166359_dsl,122.160.18.9
interface ip DL3959224,01181741568_dsl,122.180.250.41
interface ip DL3685461,01173917310_dsl,122.160.40.231
interface ip DL1715397,01176622907_dsl,122.160.119.224
interface ip L0769976,01619228773_dsl,122.180.254.11
interface ip DL3077561,01160387412_dsl,59.144.160.126
interface ip DL477427,01296118952_dsl,122.180.249.69
interface ip M00021944,012133786672_dsl,122.160.30.190
interface ip N4775914,012034588551_dsl,122.176.69.82
interface ip DL2799411,01160162032_dsl,122.160.174.25
interface ip GH5034902,012439642807_dsl,122.160.19.253
interface ip N3498912,012017706434_dsl,122.160.13.241
interface ip C0687670,01726102675_dsl,122.176.112.58
interface ip PBT0029605,016137499471_dsl,122.180.20.187
interface ip 12090477,012040967449_dsl,122.180.86.219
interface ip DL3494920,01166291920_dsl,122.160.172.29
interface ip DL5193701,01193859057_dsl,122.160.32.43
interface ip KLPAE12365,03384922022_dsl,122.163.127.20
interface ip N4640035,012038588310_dsl,122.160.32.235
interface ip C0859428,017228437494_dsl,182.77.60.64
interface ip DL2761822,01145719423_dsl,122.180.84.115
interface ip S3208338,01206419498_dsl,122.160.2.79
interface ip DL3662139,01170398270_dsl,182.77.61.186
interface ip DL3349939,01162365775_dsl,122.180.244.69
interface ip S3598492,012014424372_dsl,122.161.196.46
interface ip DL3464935-1,01164486923_dsl,122.161.195.192
interface ip GH3477983,012412479478_dsl,122.160.85.222
interface ip S3306695,01206538621_dsl,122.160.254.37
interface ip N3635784-S,012014610310_dsl,122.160.175.142
interface ip DL2628208,01145792412_dsl,122.176.117.82
interface ip DL3050724,01160350710_dsl,122.180.246.236
interface ip DL4947961,01191402839_dsl,59.144.174.209
interface ip N2161954,01204317952_dsl,122.176.40.179
interface ip N4857285,012036380722_dsl,122.160.199.161
interface ip N2602946,01204561593_dsl,122.160.137.226
interface ip 120117573,012041366788_dsl,122.160.13.89
interface ip PBT0017750,017236437017_dsl,122.160.12.185
interface ip N3992168,012026984351_dsl,182.77.63.60
interface ip DL4765308,01191403168_dsl,59.144.174.155
interface ip 16106077,016141611138_dsl,182.77.51.143
interface ip TKO0711009459,03360227532_dsl,122.176.99.8
interface ip S2444885,01204232225_dsl,122.176.109.63
interface ip ONDELHI01299933,01184625803_dsl,110.227.188.56
interface ip GH48191887,012436492631_dsl,61.246.47.107
interface ip 11104939,01196681825_dsl,122.176.56.151
interface ip DL2739066,01147073652_dsl,122.176.120.113
interface ip 12412711,012440587651_dsl,122.180.86.38
interface ip DL3916186,01181570245_dsl,122.160.16.165
interface ip DL2066668,01145623910_dsl,122.180.144.14
interface ip DL3729036,01175015439_dsl,122.160.197.57
interface ip DL3720883,01174462729_dsl,122.160.197.58
interface ip DL339253-R,01142448797_dsl,122.160.49.221
interface ip DL4623169,01188271279_dsl,122.160.156.209
interface ip FH3692175,012919612627_dsl,122.160.5.227
interface ip S5110880,012038197595_dsl,59.144.163.153
interface ip DL5052951,01192474608_dsl,61.246.32.184
interface ip DL4675712,01189935521_dsl,122.176.70.148
interface ip GH895884-5,01244108229_dsl,122.176.55.172
interface ip S4376494,012031150682_dsl,122.160.32.75
interface ip PBT0032462,017238574613_dsl,122.180.20.126
interface ip C0900090,017231734211_dsl,122.176.20.144
interface ip FH1487350,01294150713_dsl,122.180.154.189
interface ip L0908659,016134088859_dsl,122.180.20.110
interface ip DL4200755,01188480532_dsl,122.176.39.138
interface ip DL4250542,01191374668_dsl,122.160.51.5
interface ip DL2394719,01141036148_dsl,122.176.70.10
interface ip D907825-2,01151709882_dsl,61.247.230.193
interface ip 3/2.10080348,01147062930_dsl,122.160.20.122
interface ip DL320574,01141437913_dsl,59.144.174.223
interface ip DL358238,01141682442_dsl,122.160.21.116
interface ip 5/0.10730176,01204103654_dsl,122.160.172.130
interface ip GA011396,1245012942,122.160.58.122
interface ip DL316334-T,01146566940_dsl,122.176.86.131
interface ip DL1186577-3,01140507354_dsl,122.160.71.146
interface ip N007199,01205320134,61.246.5.21
interface ip DL909116,DL909116,122.176.76.167
interface ip S2636523,01204558004_dsl,122.176.93.251
interface ip DL732231,DL732231_dsl,122.176.76.2
interface ip N1834698,01204268144_dsl,122.176.38.53
interface ip DL2456873,01147824724_dsl,122.176.94.186
interface ip DL1477386,01140529564_dsl,122.160.43.129
interface ip DL1619972,01146574849_dsl,122.160.51.125
interface ip D814204,01151653324,59.144.173.11
interface ip DL307980,01142441169_dsl,122.176.52.80
interface ip D804638-R,01141582231_dsl,122.176.39.201
interface ip D705324,purewal_del,122.160.159.71
interface ip DL1501486,01146140161_dsl,122.160.167.79
interface ip DL2200803,011495411_dsl,122.176.51.38
interface ip FH535717-3,01294160215_dsl,122.160.83.45
interface ip DL353749,01142778966,61.246.34.165
interface ip M052048,01214034171_dsl,122.160.148.55
interface ip JI082303,01414017856_dsl,122.160.153.101
interface ip DL1833229-3,01146082875_dsl,122.176.40.173
interface ip DL2606569,01147657289_dsl,122.176.91.61
interface ip DL812602-1,01145621000_dsl,122.160.76.98
interface ip DL1243204,01143512457_dsl,122.176.61.182
interface ip DL503468,DL503468_dsl,122.160.72.54
interface ip DL1743432,01143037561_dsl,122.176.47.249
interface ip DL8854071-2,01146025881_dsl,122.160.26.2
interface ip M080420,01214057082_dsl,122.160.148.144
interface ip GH1577509,01244365686_dsl,122.160.45.184
interface ip DL1992681-2,01140551846_dsl,122.176.43.254
interface ip DL1633754-8,01140767778_dsl,122.160.56.178
interface ip GH2667141,01244292448_dsl,122.176.101.52
interface ip GH1830702-5,01244308826_dsl,122.160.142.193
interface ip DL1458875,01145087619_dsl,122.160.78.123
interface ip DL1601154-9,01145642228_dsl,122.160.31.3
interface ip 5/3.10010700,01147520275_dsl,122.160.59.104
interface ip 112258-2,01151632691_dsl,122.160.24.208
interface ip DL3757777,01175063533_dsl,122.160.197.97
interface ip DL4121001-3,01187307722_dsl,122.160.141.41
interface ip S3722347,012018176402_dsl,122.160.19.169
interface ip PBT0002847,017236390053_dsl,122.160.61.40
interface ip DL3887418,01179353623_dsl,59.144.162.58
interface ip DL3194183,01160671643_dsl,182.77.57.184
interface ip GH4809938,012438631268_dsl,122.160.128.185
interface ip 12903949,012940721320_dsl,122.160.67.246
interface ip C0777341,017214086604_dsl,122.176.57.121
interface ip DL2802581,01160384086_dsl,122.176.119.252
interface ip 12017931,012042259621_dsl,122.176.80.191
interface ip DL4024354,01187048280_dsl,122.160.8.120
interface ip 13/0/0.285,01206500741_dsl,122.160.41.180
interface ip KLPAB16347,03377346843_dsl,122.176.26.52
interface ip KLPAE07149,03383639825_dsl,122.163.126.145
interface ip N384681,01204297671_dsl,61.246.32.212
interface ip DL4311706,01185907851_dsl,61.246.47.157
interface ip PBT0023797,017237456410_dsl,122.180.20.235
interface ip 1126879,01195934003_dsl,122.160.67.68
interface ip DL5204376,01194212004_dsl,122.160.51.23
interface ip S4853758,012035713486_dsl,122.160.16.95
interface ip 1162672,01195703113_dsl,122.160.16.37
interface ip N2756819,01206035013_dsl,122.176.109.76
interface ip S3865321,012025610149_dsl,122.160.79.66
interface ip GH4841984,012434919064_dsl,122.176.60.251
interface ip DL5106479,01193990293_dsl,122.176.43.152
interface ip 11118410,01197853232_dsl,122.180.21.242
interface ip GH5069191,012438767666_dsl,122.176.56.193
interface ip S322522,01204139465_dsl,182.77.50.163
interface ip ONTMDELHI30127897C,01187319154_dsl,125.23.220.66
interface ip 1179490,01196185356_dsl,122.160.67.130
interface ip DL2848868,01160172195_dsl,122.160.51.153
interface ip DL2335981-R,01167301539_dsl,122.180.144.211
interface ip 56200701,056240037783_dsl,122.160.16.64
interface ip GH3850342,012436436066_dsl,122.176.52.70
interface ip DL3090515-1,01160404430_dsl,122.176.86.20
interface ip DL3980139,01182977609_dsl,110.227.189.84
interface ip DL3724826-M,01177384963_dsl,122.160.141.232
interface ip N4164534,012031943960_dsl,122.160.148.126
interface ip DL484538,01140562137_dsl,122.160.69.197
interface ip GH3479828,012412700679_dsl,122.160.42.59
interface ip DL3017521,01160337475_dsl,122.160.158.84
interface ip DL4621479,01188131238_dsl,122.160.158.93
interface ip GH3862670,012424108449_dsl,182.77.48.144
interface ip FH2838438-2,01296060503_dsl,122.180.154.11
interface ip J0011210-1,018135774500_dsl,122.160.61.133
interface ip DL1443917,01147046755_dsl,122.176.118.27
interface ip DL4162112,01185156076_dsl,61.246.34.201
interface ip DL3662990,01171803326_dsl,122.160.197.237
interface ip N3739830,012018434544_dsl,122.160.197.240
interface ip DL3709357,01175828747_dsl,110.227.189.168
interface ip N3470023,012011718832_dsl,122.160.175.33
interface ip DL4025864-2,01186730155_dsl,122.160.21.183
interface ip DL4025864-1,01186730147_dsl,122.160.21.187
interface ip DL3832395,01177816285_dsl,122.160.21.205
interface ip DL2920369-1,01160227157_dsl,122.176.118.75
interface ip N3805978-R,012022139652_dsl,122.180.145.179
interface ip DL5021902,01191444749_dsl,61.246.6.9
interface ip DL4153129,01189109383_dsl,122.160.159.239
interface ip DL4675313,01189598880_dsl,122.160.95.7
interface ip N2747255,1204355874_dsl,122.176.123.64
interface ip DL1683654,01146532592_dsl,122.176.70.47
interface ip DL3830052,01180402237_dsl,122.180.145.209
interface ip DL5040102,01191756533_dsl,61.95.235.160
interface ip GH3083153,01246236526_dsl,122.176.19.89
interface ip JI029404B,014116940574_dsl,122.176.45.208
interface ip S3743412,012021435654_dsl,182.77.63.219
interface ip DL1531729,01141676665_dsl,122.160.17.119
interface ip DL4525668,01191295253_dsl,61.246.6.88
interface ip DL3786068,01177204014_dsl,122.180.241.100
interface ip N3224358,01206409161_dsl,122.176.22.238
interface ip DL2101423-16,01143465856_dsl,122.160.23.142
interface ip DL2951584,01160238531_dsl,122.176.118.179
interface ip GH3875713-4,012424717333_dsl,122.180.154.114
interface ip JI014098R,014134200478_dsl,122.176.83.212
interface ip DL3609820-R-R,01191371442_dsl,59.144.174.53
interface ip DL3851544,01180296085_dsl,122.180.243.31
interface ip DL3020790,01160337649_dsl,122.160.94.186
interface ip JI0148054,01416054334_dsl,122.176.83.142
interface ip S2998302,01206181557_dsl,122.160.70.24
interface ip DL3575332,01169942426_dsl,122.160.51.177
interface ip DL4397792,01188748030_dsl,122.176.35.115
interface ip DL3664079,01171982892_dsl,122.160.119.84
interface ip DL3602193,01171654996_dsl,122.176.35.10
interface ip DL4040245,01185237671_dsl,122.160.166.44
interface ip DL3679601,01172592208_dsl,122.176.23.74
interface ip S3743287,012019872562_dsl,122.160.103.153
interface ip DL3772439-1,01177597898_dsl,122.176.35.227
interface ip DL339245,DL339245,122.160.119.108
interface ip GH3731597,012418559733_dsl,122.160.200.83
interface ip S3025724,01206267564_dsl,122.160.123.93
interface ip JI011436A,01416507088_dsl,122.160.63.189
interface ip DL5044420,01192040451_dsl,61.247.228.4
interface ip DL767132,01146569557_dsl,122.160.31.189
interface ip GH3681968,012415589402_dsl,122.160.31.202
interface ip DL4323212,01189700355_dsl,122.176.43.171
interface ip DL5026559,01191937682_dsl,61.246.36.151
interface ip GH4227619,012429355802_dsl,110.227.190.123
interface ip KH544312,01844044394_dsl,122.180.154.241
interface ip DL4799204,01191762009_dsl,61.247.228.49
interface ip N3933930,012025868275_dsl,122.176.77.107
interface ip M00011758,01219230892_dsl,122.160.172.215
interface ip DL3213815-2,01160606373_dsl,122.160.17.216
interface ip GH3370928,012427747822_dsl,110.227.190.131
interface ip DL2215718-R,01160378685_dsl,122.176.36.108
interface ip DL2173913,01145872347_dsl,61.247.228.82
interface ip DL3704166,01171972225_dsl,122.160.253.76
interface ip N1404863-5,01173190899_dsl,122.176.23.120
interface ip S3446703,012012999594_dsl,61.247.228.100
interface ip DL2917681,01160216773_dsl,122.160.59.9
interface ip FH3217811,01296402851_dsl,122.160.80.90
interface ip DL2730320-2,01145756827_dsl,122.176.103.154
interface ip S2572318,01204160953_dsl,122.180.242.120
interface ip FH964236,01294035880_dsl,122.160.221.48
interface ip GH2781523,01246033071_dsl,122.160.164.229
interface ip GH2321078,01244017725_dsl,122.160.86.181
interface ip DL993430,01141556475_dsl,122.176.44.8
interface ip DL3731494,01176881805_dsl,122.161.198.214
interface ip DL1841020,01140576260_dsl,122.160.69.114
interface ip DL3233004,01160629611_dsl,122.160.46.203
interface ip DL5063477,01192512695_dsl,61.247.228.195
interface ip DL2213861,01145872260_dsl,122.176.51.144
interface ip DL4629258,01192512652_dsl,61.247.228.211
interface ip DL3596789-2,01169691246_dsl,122.176.23.163
interface ip GH2792469,01244088044_dsl,122.176.106.116
interface ip DL365000,01141431486_dsl,122.160.46.249
interface ip N3201589,01206411191_dsl,122.160.65.173
interface ip DL3556436,01168563828_dsl,122.160.43.70
interface ip DL1141394,01146502974_dsl,122.160.3.71
interface ip DL538593,01143022955_dsl,122.160.33.66
interface ip N5064992-1,012038125910_dsl,122.176.77.203
interface ip DL4754660,01189833254_dsl,122.176.37.15
interface ip N1412261,01204277949_dsl,122.160.79.240
interface ip GH818823-1,mbhatia_hry,110.227.190.216
interface ip N2686289,01204206352_dsl,122.160.70.156
interface ip DL1157860,01147550609_dsl,122.176.119.182
interface ip GH3153322,01246361194_dsl,122.180.245.212
interface ip DL3559271,01168029137_dsl,122.176.37.76
interface ip JI020833A,014110901924_dsl,122.160.153.35
interface ip S3032362,01206217298_dsl,122.160.172.249
interface ip DL4009601,01189767281_dsl,122.176.37.118
interface ip DL971651,01151507216,122.160.69.182
interface ip D002431-2,01151540411_dsl,122.160.49.54
interface ip DL3818085,01179119643_dsl,122.160.18.231
interface ip DL3730020,01174043539_dsl,122.176.37.203
interface ip DL3027429,01160339438_dsl,122.160.43.235
interface ip N3378494,01209297990_dsl,122.160.43.237
interface ip GH3375394-5,01248928216_dsl,122.160.85.113
interface ip GH4109418,012434011031_dsl,122.176.46.102
interface ip DL1857988,01143658243_dsl,122.180.84.140
interface ip DL2720931,01142657056_dsl,122.160.197.41
interface ip DL5165443,012424524583_dsl,203.145.165.115
interface ip DL3901090,01179847179_dsl,122.180.250.138
interface ip S4386111,012032274109_dsl,122.176.50.173
interface ip DL3069757,01160505653_dsl,122.160.20.156
interface ip S4386270,012031603953_dsl,122.160.74.251
interface ip DL4887577,01190845829_dsl,59.144.174.235
interface ip GH531083-2,01244045697_dsl,122.176.19.104
interface ip DL3929781,01180625861_dsl,122.176.37.119
interface ip GH505490,01244048564_dsl,122.180.245.134
interface ip C0828353,017224805725_dsl,122.180.254.195
interface ip DL3247102,01160646444_dsl,122.160.253.120
interface ip N3780321,012021652710_dsl,122.180.247.158
interface ip DL2921409-2-RCN,01191346773_dsl,59.144.162.235
interface ip GH366289-1,gh366289,122.160.135.30
interface ip N376280,01204273867_dsl,122.176.50.195
interface ip GH3960745,012425813360_dsl,125.23.220.52
interface ip DL3821050,01178465825_dsl,122.160.33.198
interface ip DL3830638,01177805317_dsl,122.160.136.110
interface ip DL4513366,01188232952_dsl,59.144.173.198
interface ip DL990148,01151349517,122.160.47.222
interface ip DL3068037,01160406750_dsl,122.160.47.251
interface ip DL1155683,01145058773_dsl,122.180.241.67
interface ip DL3407723-1,01162740666_dsl,122.176.118.52
interface ip DL2759037-2,01147155016_dsl,122.176.107.170
interface ip GH4039601,012426889738_dsl,122.160.201.240
interface ip GH4166402,012429065632_dsl,122.160.42.11
interface ip N068185,01204347986,122.160.50.182
interface ip PBT0001262,017234779213_dsl,122.180.254.83
interface ip N4609714,012032771290_dsl,122.176.68.226
interface ip DL4234608-2,01186124792_dsl,59.144.172.66
interface ip DL1187877,01140584953_dsl,122.160.136.184
interface ip DL1558321,01146593685_dsl,122.160.51.192
interface ip DL3056886,01160410053_dsl,122.161.192.72
interface ip DL3486183,01170757313_dsl,122.176.16.191
interface ip DL3481263,01165600738_dsl,122.160.85.151
interface ip DL2017132,01147596968_dsl,122.176.44.160
interface ip S2976506-3,012028719705_dsl,122.160.147.156
interface ip GH3829179,012422630969_dsl,122.180.245.221
interface ip GH3875124,012423453379_dsl,122.180.249.209
interface ip DL3648233,01173681289_dsl,122.160.5.64
interface ip DL3317229-2,01174621560_dsl,122.160.196.74
interface ip L0875577,016130219100_dsl,182.77.60.245
interface ip DL3315050,01160800154_dsl,122.176.118.217
interface ip DL3597272,01173428068_dsl,122.176.113.60
interface ip DL4476910,01186731605_dsl,59.144.172.163
interface ip DL2842122,01160173008_dsl,122.176.111.216
interface ip N3041216-1,01206237141_dsl,122.160.151.65
interface ip GH3343637,01247610816_dsl,122.176.18.45
interface ip DL4668631,01190750391_dsl,122.180.250.6
interface ip DL2273121,01146564882_dsl,122.161.192.220
interface ip DL2215369-2,01147532086_dsl,122.176.68.41
interface ip DL2774407,01160122876_dsl,122.176.74.136
interface ip S094407,01204104605,122.160.123.181
interface ip DL4053993,01187801048_dsl,122.160.23.111
interface ip J0824207,018121181498_dsl,122.160.44.54
interface ip DL4210590,01184996247_dsl,122.176.44.52
interface ip DL3712561,01173967394_dsl,122.180.241.145
interface ip G546925,01244308742_dsl,125.23.220.203
interface ip GH5200426,012439420864_dsl,122.176.39.4
interface ip D830112,01151731842,122.180.243.213
interface ip DL4496893,01188240523_dsl,61.95.235.54
interface ip L0822058,016120582064_dsl,122.160.233.90
interface ip PH862957,018028306947_dsl,122.160.157.71
interface ip DL3102995,01160487724_dsl,122.176.115.101
interface ip DL4005969,01182856546_dsl,122.180.255.242
interface ip GH3787827,012420187856_dsl,203.145.165.121
interface ip DL3480805,01166179532_dsl,182.77.57.247
interface ip DL3594917,01177836213_dsl,122.160.167.10
interface ip DL2828497,01160147548_dsl,122.176.114.62
interface ip DL4758631,01189771568_dsl,61.95.235.133
interface ip DL3684103,01172175907_dsl,122.161.193.117
interface ip D786778-1,01151731035_dsl,122.160.60.182
interface ip GH2180871,01244277000_dsl,203.145.165.178
interface ip DL3362530,01160832516_dsl,122.160.75.26
interface ip DL3346236,01160844140_dsl,122.160.75.34
interface ip PH708684,01806268466_dsl,122.160.139.118
interface ip DL4461668,01186968040_dsl,61.95.235.212
interface ip GH4626478-1,012433539005_dsl,59.144.167.129
interface ip DL3534443,01168347206_dsl,61.246.34.35
interface ip DL3724020,01174045621_dsl,122.176.113.174
interface ip JI022586A,014111659117_dsl,122.160.153.166
interface ip GH3016407,01246192016_dsl,122.160.80.205
interface ip DL5216518,01193859066_dsl,122.160.77.167
interface ip S3273291,01206492577_dsl,122.180.250.229
interface ip DL3816008,01178433767_dsl,122.160.40.60
interface ip GH2752379,01246045456_dsl,122.176.115.85
interface ip DL3190965,01160638301_dsl,61.247.228.213
interface ip JI059584Z,014132210662_dsl,122.160.153.164
interface ip N5099179,012038173308_dsl,122.160.9.58
interface ip DL4833534,01191214473_dsl,61.247.230.92
interface ip N3432923,012011737232_dsl,59.144.167.181
interface ip GH3037278,01246200218_dsl,122.161.194.103
interface ip N4637313,012033152646_dsl,122.176.34.159
interface ip C0816004,017219654559_dsl,122.180.85.239
interface ip C0770596,017212459715_dsl,122.160.12.175
interface ip AHM514921,07966259674_mh,182.70.125.6
interface ip GH3308973,01246542440_dsl,122.160.157.189
interface ip S3271168,01206471480_dsl,122.180.253.126
interface ip DL2733193,01160118991_dsl,182.77.56.54
interface ip DL891597-1,01152141467,122.176.108.151
interface ip JI029203A,014113199610_dsl,122.176.83.28
interface ip DL4611448,01191274949_dsl,61.247.230.187
interface ip DL3657890,01171609441_dsl,122.161.195.221
interface ip N3371671,01207138812_dsl,122.160.123.148
interface ip DL4251675,01185156050_dsl,61.95.234.248
interface ip J0820901,018122631077_dsl,122.160.233.139
interface ip GH3122279,01246355561_dsl,182.77.58.20
interface ip DL3840563,01191099081_dsl,61.247.230.231
interface ip DL3926810,01180575412_dsl,61.247.230.237
interface ip L0021874,01614646006_dsl,122.180.254.192
interface ip DL3437789,01164100926_dsl,122.160.36.60
interface ip DL3838121,01179273158_dsl,122.180.255.170
interface ip GH3176071-2,01246367305_dsl,122.160.80.78
interface ip GH3176071-1,01246367276_dsl,122.160.80.76
interface ip DL3666197,01173437328_dsl,61.95.220.186
interface ip N4341762,012030578044_dsl,122.160.13.45
interface ip DL3733499-3,01190830451_dsl,59.144.162.51
interface ip N5205469,012039458485_dsl,122.160.50.8
interface ip DL5019519,01191719832_dsl,61.246.47.2
interface ip RAI3044962,07716048043_dsl,122.168.125.236
interface ip BHO50119228,07556223770_dsl,122.168.123.135
interface ip 7005514416,073139462921_dsl,182.70.243.45
interface ip 16409562,indbhartib,122.168.194.200
interface ip 7014086127,073116309333_dsl,182.70.241.4
interface ip 7031740543,076138170653_dsl,182.70.243.220
interface ip 7011295896,073113674639_dsl,122.168.196.113
interface ip 7034194019,073441318563_dsl,122.168.124.74
interface ip 7034329068,073141348672_dsl,182.70.249.60
interface ip 7009447789,077111342924_dsl,182.70.249.99
interface ip 14610143,07714014359_dsl,122.168.125.138
interface ip 7006260459,07752800727_dsl,122.168.198.99
interface ip 7033155510,075539619171_dsl,182.70.250.31
interface ip 13343242,07714048010_mp,182.70.248.49
interface ip 13355978,07316372325_dsl,182.70.250.59
interface ip IND40364750,073136925526_dsl,182.70.241.66
interface ip 7030090464,075535145864_dsl,122.168.124.193
interface ip 7005260461,07556063321_dsl,122.168.197.169
interface ip 7029698030,078834528486_dsl,61.246.140.185
interface ip 15221524,07344061950_dsl,122.168.124.12
interface ip RAT30490198,07423822996_dsl,122.168.126.54
interface ip RAI40355672,077136428411_dsl,122.165.144.194
interface ip 7031757363,073138171041_dsl,182.70.241.167
interface ip 16619530,07314035737_dsl,182.70.240.26
interface ip 12388160,07292403393_mp,61.246.140.110
interface ip 14834775,07314236093_dsl,61.246.139.254
interface ip 10732280,bhaskar_bpl1_mp,203.101.126.47
interface ip 447317,07554209209_mp,203.101.126.13
interface ip 13344711,07554232410_mp,122.168.123.51
interface ip 15534813,mp2387323_dsl,122.168.124.94
interface ip 16451972,07714051067_dsl,122.168.190.135
interface ip 7026225370,073430626476_dsl,122.168.196.151
interface ip 7005955157,07716403901_dsl,122.168.125.233
interface ip 110082,07554280797_mp,122.168.195.166
interface ip 7019317750,075523048944_dsl,182.70.248.230
interface ip 7024985546,075529298132_dsl,122.168.197.234
interface ip 7031190135,073136835760_dsl,182.70.242.59
interface ip 16615826,07554264584_dsl,122.168.197.163
interface ip 7005869527,07716360528_dsl,61.246.139.179
interface ip 7019882900,075621162109_dsl,122.168.197.45
interface ip 11480758,075511480758_mp,182.70.242.74
interface ip 14703182,07714052226_dsl,182.70.248.104
interface ip AHM604359,07968163516_mh,122.179.128.224
interface ip 7005391495,07616124041_dsl,122.168.127.61
interface ip PUN908187,02091285049_mh,59.144.126.185
interface ip AHM666158,07989682556_mh,59.144.124.243
interface ip MUM901742,02281953165_mh,122.169.106.98
interface ip MUM949480,02285347978_mh,122.179.159.253
interface ip SM317802,02291758864_mh,106.201.235.19
interface ip SM501189,02240039991_mh,182.70.114.57
interface ip AHM621322,07981840383_mh,110.227.255.190
interface ip SUR633372,026126863578_mh,122.169.103.72
interface ip 2260486,02299598864_mh,106.201.238.151
interface ip CMP355878,02060086909_mh,122.169.97.91
interface ip 2216253,02295411453_mh,106.201.230.52
interface ip 7029698030,078834528486_dsl,61.246.140.185
interface ip AHM686581,07992593125_mh,122.179.156.6
interface ip 2229201,02296959609_mh,106.201.234.161
interface ip AHM673103,07990782905_mh,122.179.158.87
interface ip MUM1076799,02293898937_mh,122.179.139.178
interface ip AHM654169,07987936409_mh,122.179.138.165
interface ip AHM410592,07960330020_mh,122.169.97.66
interface ip AHM627539,07981651153_mh,110.227.255.78
interface ip AHM653292,07988201962_mh,110.227.255.150
interface ip AHM665631,07989990754_mh,110.227.254.26
interface ip AHM630783,07981926013_mh,59.144.124.154
interface ip AHM678000,07991746088_mh,122.169.99.138
interface ip AHM674700-1,07991356192_mh,110.227.252.59
interface ip 7906328,07995092991_mh,122.179.159.14
interface ip 7909491,07995824549_mh,106.201.231.118
interface ip MUM1068265,02294045012_mh,122.179.137.107
interface ip MUM1095394,02294109966_mh,122.179.138.48
interface ip SUR639312,026127916558_mh,182.70.126.135
interface ip MUM1059326,02291052552_mh,110.227.255.59
interface ip MUM1091034,02293640591_mh,122.179.133.136
interface ip AHM678881,07991891998_mh,122.179.158.143
interface ip 7909831,07995464429_mh,106.201.230.96
interface ip MUM1064129,02291059842_mh,106.201.232.114
interface ip MUM953521,02291301969_mh,122.179.159.218
interface ip 26102591,026141956240_mh,106.201.234.79
interface ip AHM683840,07994073416_mh,122.179.156.197
interface ip AHM673968,07991363443_mh,122.179.139.25
interface ip MUM1058192-1,02292320270_mh,110.227.255.181
interface ip 2004741,02095842985_mh,106.201.234.134
interface ip 2213512,02295183958_mh,122.179.159.151
interface ip SMA61993,07940224889_mh,122.170.8.165
interface ip MUM1088931,02293980398_mh,122.179.137.12
interface ip PUN905482,02091441498_mh,110.227.252.100
interface ip 2235571,02296708761_mh,106.201.234.34
interface ip AHM653192,07988135982_mh,110.227.252.17
interface ip 2003342,02095319935_mh,106.201.231.21
interface ip AHM664659,07990728875_mh,122.179.139.9
interface ip 2203392,02295266616_mh,106.201.229.237
interface ip MUM961341,02287821108_mh,122.179.137.177
interface ip AHM687767,07994069332_mh,182.70.127.158
interface ip PUN940057-R,02094206087_mh,182.70.127.210
interface ip MUM925815,02284465050_mh,122.179.158.36
interface ip MUM961388,02287858015_mh,122.169.106.192
interface ip SUR502863,02618576881_mh,122.170.109.251
interface ip SM120272-1-1,02250044424_mh,122.170.110.20
interface ip SUR607388,026117680340_mh,182.70.114.102
interface ip AHM601653,07968048892_mh,122.170.110.41
interface ip SM222656,02240046229_mh,122.169.106.99
interface ip AHM619672,07976719051_mh,182.70.123.210
interface ip AHM426406,07960359948_mh,122.170.105.214
interface ip SMR20559,02242153569_mh,122.169.113.158
interface ip ABM212669,02241237737_mh,182.70.114.225
interface ip MUM546726,02269624291_mh,182.70.114.232
interface ip AHM631853,07981953568_mh,182.70.124.87
interface ip SMM176742,02242563400_mh,122.170.10.199
interface ip AHM406223,07960318260_mh,182.70.115.21
interface ip AHM613394,07974486911_mh,182.70.115.109
interface ip MUM521009,02268578986_mh,122.170.110.216
interface ip AESP063895,02040064304_mh,122.169.110.164
interface ip CMM257589,02250001930_mh,182.70.125.113
interface ip MUM713824,02283293978_mh,182.70.125.137
interface ip CMP104527,02044067876_mh,122.170.98.60
interface ip AHM627872,07982870473_mh,182.70.125.209
interface ip MUM449927,02260594015_mh,122.169.96.47
interface ip SP063577,02282065097_mh,182.70.127.43
interface ip CMA73709,07940068662_mh,122.179.134.174
interface ip SUR633143,026127695593_mh,59.144.126.5
interface ip RSM232324,02260012602_mh,59.144.126.13
interface ip SMMD0032,02242507000_mh,122.169.115.230
interface ip PUN1000414,02072951935_mh,182.70.116.143
interface ip MUM479786,02260835558_mh,110.227.248.105
interface ip AHM645915,07984899179_mh,110.227.248.133
interface ip MUM567792,02274781618_mh,110.227.250.155
interface ip CMP129065,02060033556_mh,122.179.135.66
interface ip MUM920390,02285318287_mh,122.169.119.62
interface ip MUM920389,02285336283_mh,122.169.119.69
interface ip SUR644062,026130058323_mh,122.169.119.198
interface ip MUM931226,02286043375_mh,122.169.96.97
interface ip MUM916893,02286081157_mh,122.169.98.35
interface ip MUM942261,02286147926_mh,122.169.98.104
interface ip AHM625125,07981495804_mh,122.169.100.120
interface ip RSM233117,02240153067_mh,122.169.102.79
interface ip MUM935820,02287261816_mh,122.169.103.16
interface ip PUN811345,02086276643_mh,122.169.104.9
interface ip MUM393386,02260179676_mh,122.170.119.188
interface ip AHM600419,07968583827_mh,122.169.105.48
interface ip SUR658814,026131617550_mh,122.169.105.153
interface ip SUR633207,026126906328_mh,122.169.105.227
interface ip AHM511991,07968046791_mh,122.169.106.52
interface ip SUR659150,026132105611_mh,122.169.106.197
interface ip AHM654389,07987938395_mh,122.169.106.206
interface ip ONGJVER88013842,07987854558_mh,122.169.108.206
interface ip PUN825471,02088203921_mh,122.169.109.49
interface ip CMA61381,07940084396_mh,122.169.109.148
interface ip SM318008-1-1,02240051480_mh,59.144.125.62
interface ip MUM022506-R,02260734431_mh,122.169.111.130
interface ip AHM634922,07982786771_mh,122.169.111.144
interface ip MUM028791,02260730213_mh,122.169.112.58
interface ip AHM640226,07984625633_mh,122.169.113.54
interface ip CR125210,07940035762_mh,122.169.114.32
interface ip AHM662728,07988872287_mh,122.169.115.88
interface ip MUM966962,02289651988_mh,122.170.3.151
interface ip MUM984765,02290110695_mh,122.170.104.224
interface ip MUM984738,02290598089_mh,122.170.114.30
interface ip MUM901730,02282797842_mh,122.170.116.10
interface ip SUR660413,026135550679_mh,122.170.116.235
interface ip AHM663869,07990300744_mh,122.179.128.31
interface ip MUM906555,02284637372_mh,122.179.128.32
interface ip SMCM0035,02242460777_mh,122.170.5.123
interface ip CMA79978,07960013200_mh,122.179.129.208
interface ip MUM703813-E,02277979363_mh,182.70.118.225
interface ip MUM467653,02260749503_mh,122.169.97.195
interface ip MUM518005,02264455593_mh,122.170.108.120
interface ip CMA75941,07940052005_mh,122.170.0.9
interface ip MUM711490,02278439772_mh,182.70.120.7
interface ip CP004768,02046703149_mh,182.70.120.16
interface ip MUM477362,02260855376_mh,182.70.120.30
interface ip MUM706622,02278991206_mh,182.70.120.31
interface ip CMA81681,07960020803_mh,122.170.104.93
interface ip MUM443033,02260642318_mh,182.70.120.157
interface ip RM222199,02240040152_mh,182.70.120.247
interface ip CMP116375,02060018053_mh,122.179.131.23
interface ip CM320753,02240150375_mh,122.170.101.118
interface ip PUN50824,02060617446_mh,122.169.98.185
interface ip PUN528012,02065688012_mh,182.70.121.208
interface ip MUM479624,02260853787_mh,122.169.98.223
interface ip CP002154,02040059654_mh,122.179.131.197
interface ip MUM439031,02260305689_mh,122.170.105.89
interface ip SUR625760,026124339277_mh,182.70.122.175
interface ip MUM903215,02282833116_mh,122.179.136.122
interface ip MUM447391,02260710055_mh,122.170.96.6
interface ip 14621241,07314075540_dsl,122.168.124.215
interface ip MUM1082773,02292487360_mh,106.201.229.102
interface ip RSA352436,07960047406_mh,182.70.126.68
interface ip PUN604836,02074707430_mh,122.170.4.167
interface ip AHM605130-RCN,07988120128_mh,122.169.111.153
interface ip AHM502545,07963130323_mh,122.170.107.64
interface ip MUM916088-2,02285156221_mh,122.169.119.16
interface ip 16451972,07714051067_dsl,122.168.190.135
